redcap,aim,cohort
17,1,Control
18,1,Control
23,1,Control
32,1,Control
36,1,Control
39,1,Control
40,1,Control
44,1,Control
45,1,Control
46,1,Control
49,1,Control
56,1,Control
62,1,Control
63,1,Control
72,1,Control
91,1,Control
93,1,Control
99,1,Control
121,1,Control
136,1,Control
143,1,Control
170,1,Control
171,1,Control
175,1,Control
181,1,Control
183,1,Control
190,1,Control
202,1,Control
254,1,Control
270,2,Control
274,1,Control
277,1,Control
281,2,Control
288,2,Control
289,1,Control
294,2,Control
298,1,Control
299,1,Control
300,1,Control
308,1,Control
309,1,Control
310,1,Control
313,1,Control
314,1,Control
315,2,Control
317,1,Control
318,1,Control
319,1,Control
321,1,Control
323,2,Control
324,1,Control
327,2,Control
328,2,Control
329,2,Control
330,1,Control
336,2,Control
337,1,Control
339,2,Control
340,1,Control
341,2,Control
342,2,Control
343,2,Control
344,2,Control
345,2,Control
346,2,Control
347,1,Control
348,1,Control
350,2,Control
352,2,Control
353,1,Control
354,2,Control
356,1,Control
358,2,Control
359,2,Control
361,1,Control
366,1,Control
367,2,Control
369,2,Control
371,2,Control
372,2,Control
376,1,Control
377,2,Control
379,1,Control
380,1,Control
381,1,Control
382,1,Control
383,1,Control
384,1,Control
386,1,Control
387,1,Control
389,1,Control
390,1,Control
391,1,Control
395,1,Control
396,1,Control
398,1,Control
402,1,Control
404,1,Control
405,1,Control
412,1,Control
413,1,Control
415,1,Control
416,1,Control
418,2,Control
419,2,Control
420,2,Control
421,1,Control
422,2,Control
423,2,Control
427,1,Control
428,1,Control
429,2,Control
430,1,Control
433,1,Control
435,2,Control
436,2,Control
437,2,Control
438,2,Control
439,1,Control
33,3,Low Flow
52,3,Low Flow
54,3,Low Flow
65,3,Low Flow
66,3,Low Flow
80,3,Low Flow
89,3,Low Flow
95,3,Low Flow
101,3,Low Flow
178,3,Low Flow
200,3,Low Flow
218,3,Low Flow
219,3,Low Flow
221,3,Low Flow
226,3,Low Flow
236,3,Low Flow
239,3,Low Flow
247,3,Low Flow
248,3,Low Flow
266,3,Low Flow
268,3,Low Flow
279,3,Low Flow
280,3,Low Flow
282,3,Low Flow
283,3,Low Flow
295,3,Low Flow
297,3,Low Flow
303,3,Low Flow
307,3,Low Flow
331,3,Low Flow
378,3,Low Flow
385,3,Low Flow
393,3,Low Flow