redcap,uwsfr
17,0.611
18,0.41
23,0.301
32,0.654
33,0
36,0.511
39,0.8592
40,0.085
44,0.421
45,0.928
46,0.334
49,0.562
52,0.516
54,0.321
56,0.442
62,0.977
63,0.422
65,NA
66,0.024
72,1.166
80,0.072
89,0.069
91,1.081
93,0.294
95,0
99,0.241
101,0.168
121,0.304
136,1.107
143,0.502
170,0.789
171,0.745
175,0.311
178,0
181,0.751
183,0.413
190,0.119
200,0.232
202,0.842
218,0.676
219,0
221,0.077
226,0.114
236,0.083
239,0
247,0.056
248,0.142
254,0.593
266,0.05
268,0.045
270,0.721
274,0.34
277,0.391
279,0.065
280,0
281,0.252
282,0.01
283,0.492
288,0.187
289,0.34
294,0.364
295,0
297,0.137
298,0.383
299,1.796
300,1.065
303,0.001
307,0.052
308,0.193
309,0.684
310,0.314
313,0.341
314,0.852
315,0.356
317,0.414
318,0.409
319,0.106
321,0.318
323,0.115
324,0.097
327,0.452
328,0.234
329,0.383
330,0.25
331,0.261
336,0.368
337,0.412
339,0.294
340,0.247
341,0.386
342,0.26
343,0.148
344,0.193
345,0.605
346,0.028
347,0.42
348,0.549
350,0.705
352,0.708
353,0.181
354,1.108
356,0.268
358,0.614
359,0.809
361,0.438
366,0.189
367,0.399
369,0.738
371,0.27
372,0.178
376,0.475
377,0.464
378,0.292
379,0.423
380,0.399
381,0.579
382,0.199
383,0.517
384,0.264
385,0.15
386,0.709
387,0.263
389,0.559
390,0.435
391,0.326
393,0.017
395,0.232
396,0.198
398,0.756
402,0.313
404,0.18
405,0.475
412,1.156
413,0.698
415,0.757
416,0.442
418,0.316
419,0.127
420,0.507
421,0.47
422,0.404
423,0.412
427,0.677
428,0.283
429,0.242
430,0.267
433,0.66
435,0.691
436,0.183
437,0.427
438,0.273
439,0.539