redcap,aim,phq_dry_swallow,phq_dry_qol,phq_dry_speak,phq_dry_throat,phq_dry_tongue,phq_dry_lips,phq_dry_palate,uwsfr
17,1,0,0,0,0,0,8,5,0.611
18,1,0,0,0,5,0,10,0,0.41
23,1,19,16,16,25,22,35,29,0.301
36,1,1,1,1,1,1,3,1,0.511
46,1,29,18,29,48,28,56,62,0.334
49,1,0,1,0,0,0,0,0,0.562
63,1,0,0,0,0,0,27,0,0.422
66,3,99,100,99,75,90,95,95,0.024
136,1,0,0,0,0,0,10,0,1.107
143,1,0,0,0,0,0,0,0,0.502
170,1,50,50,50,50,50,50,50,0.789
171,1,2,0,0,0,0,0,0,0.745
175,1,5,5,4,5,4,4,5,0.311
178,3,31,29,17,21,36,50,33,0
181,1,3,0,0,5,7,57,16,0.751
183,1,50,50,50,50,50,50,50,0.413
190,1,0,3,2,4,2,42,44,0.119
200,3,35,30,40,55,40,50,55,0.232
202,1,1,0,0,0,0,22,9,0.842
218,3,65,65,75,75,75,75,75,0.676
219,3,50,50,50,1,71,73,50,0
221,3,50,50,50,50,50,50,50,0.077
226,3,50,50,50,50,50,50,50,0.114
236,3,76,71,47,69,75,82,80,0.083
239,3,100,100,86,95,100,93,100,0
247,3,50,50,50,95,95,100,95,0.056
248,3,40,48,51,67,0,67,69,0.142
254,1,7,5,8,8,9,16,10,0.593
266,3,75,65,60,80,60,85,55,0.05
270,2,6,11,5,19,2,15,13,0.721
274,1,0,1,0,0,0,16,0,0.34
277,1,50,50,50,50,50,50,50,0.391
279,3,51,90,85,50,51,100,51,0.065
280,3,30,58,58,80,80,80,78,0
281,2,0,0,0,0,0,7,10,0.252
282,3,90,90,95,15,90,85,90,0.01
283,3,15,5,25,11,4,66,16,0.492
288,2,2,0,3,2,2,2,2,0.187
289,1,0,0,0,0,0,0,0,0.34
294,1,0,0,0,0,0,10,0,0.364
295,3,71,73,73,50,48,71,53,0
297,3,80,47,75,86,72,61,70,0.137
298,1,4,2,2,4,4,3,1,0.383
299,1,0,0,0,0,0,0,0,1.796
300,1,1,3,1,1,0,1,2,1.065
303,3,73,64,73,64,82,88,76,0.001
307,3,97,98,99,50,51,50,52,0.052
308,1,15,14,0,49,49,62,49,0.193
309,1,2,0,0,0,0,24,0,0.684
310,1,3,2,0,3,0,0,1,0.314
313,1,3,3,6,6,6,7,1,0.341
314,1,0,0,0,0,0,23,0,0.852
315,2,3,3,0,2,1,2,0,0.356
317,1,0,0,0,0,0,24,0,0.414
318,1,25,0,25,0,0,25,0,0.409
319,1,10,0,2,22,12,24,10,0.106
321,1,15,0,15,0,0,15,2,0.318
323,2,0,0,0,0,0,3,0,0.115
324,1,3,1,3,0,0,31,3,0.097
328,2,2,3,2,4,2,3,2,0.234
329,2,1,0,0,6,10,34,3,0.383
330,1,8,12,6,9,10,28,7,0.25
331,3,43,56,55,51,46,61,49,0.261
336,2,60,7,7,20,20,52,33,0.368
337,1,8,10,6,12,8,53,11,0.412
339,2,0,2,3,2,0,0,0,0.294
340,1,1,3,3,3,11,4,6,0.247
341,2,3,0,0,0,0,0,0,0.386
342,2,14,7,2,6,7,11,9,0.26
343,2,50,50,50,50,50,50,1,0.148
344,2,0,2,1,2,2,3,1,0.193
345,2,0,0,0,0,0,11,0,0.605
346,2,20,24,19,6,15,49,50,0.028
347,1,0,0,0,0,0,0,0,0.42
348,1,0,2,1,0,0,5,0,0.549
350,1,1,49,50,48,50,49,50,0.705
352,2,1,0,0,16,3,10,0,0.708
353,1,0,0,0,2,0,0,0,0.181
354,2,0,0,0,0,0,0,0,1.108
356,1,0,0,3,3,0,0,0,0.268
358,2,0,0,0,17,15,21,8,0.614
359,2,0,0,0,20,0,34,0,0.809
361,1,0,0,0,16,11,29,26,0.438
366,1,0,0,0,0,0,1,0,0.189
367,2,0,0,8,0,0,22,0,0.399
369,2,0,0,0,0,0,10,0,0.738
371,2,12,6,22,16,0,13,3,0.27
372,2,51,0,6,6,7,18,6,0.178
376,1,0,0,0,26,1,27,0,0.475
377,2,0,1,50,0,0,28,0,0.464
378,3,74,10,0,65,61,77,73,0.292
379,1,1,3,27,27,24,4,4,0.423
380,1,5,0,0,2,0,0,0,0.399
381,1,0,0,0,0,0,5,0,0.579
382,1,7,4,6,3,9,7,6,0.199
383,1,0,0,0,0,0,49,0,0.517
384,1,0,0,0,0,0,25,0,0.264
385,3,49,24,24,51,49,49,50,0.15
386,1,3,2,0,0,0,0,0,0.709
387,1,0,0,0,0,0,0,0,0.263
389,1,0,0,0,0,0,11,0,0.559
390,1,0,0,0,0,11,26,0,0.435
391,1,0,0,0,0,0,0,0,0.326
393,3,70,78,85,80,82,83,85,0.017
395,1,0,0,0,50,50,50,50,0.232
396,1,1,0,0,0,0,0,0,0.198
398,1,0,0,0,0,0,71,0,0.756
402,1,15,7,8,6,8,25,4,0.313
404,1,2,0,2,0,3,8,0,0.18
405,1,0,0,0,2,3,50,1,0.475
412,1,0,0,0,0,0,50,0,1.156
413,1,3,0,1,0,0,24,0,0.698
415,1,0,0,0,0,0,11,0,0.757
416,1,0,0,0,0,0,0,0,0.442
418,1,0,1,21,26,18,49,7,0.316
419,2,0,0,0,0,0,0,0,0.127
420,2,0,0,0,13,15,29,29,0.507
421,1,0,0,0,0,0,20,0,0.47
422,2,0,0,0,10,0,20,3,0.404
423,2,0,0,0,0,1,2,3,0.412
427,1,0,0,0,0,0,0,0,0.677
428,1,0,0,0,0,20,66,22,0.283
429,2,0,0,1,0,0,0,0,0.242
430,1,4,0,0,0,1,0,1,0.267
433,1,1,4,3,3,1,49,3,0.66
435,2,50,50,50,8,4,8,7,0.691
436,2,8,0,0,0,0,8,0,0.183
437,2,0,0,0,0,0,0,0,0.427
438,2,71,71,67,68,78,91,62,0.273
439,1,5,3,6,3,5,22,4,0.539